date,price,farmer,dealer
20230102,5042,5042,5042
20230103,5018,5018,5018
20230104,5066,5066,5066
20230105,5023,5023,5023
20230106,4906,4906,4906
20230109,5147,5147,5147
20230110,5115,5115,5115
20230111,5020,5020,5020
20230112,4999,4999,4999
20230113,4807,4807,4807
20230116,4715,4715,4715
20230117,4716,4716,4716
20230118,4295,4295,4295
20230119,4039,4039,4039
20230120,3191,,
20230125,4289,4289,4289
20230126,4399,4399,4399
20230127,4259,4259,4259
20230130,4427,4427,4427
20230131,4331,4331,4331
20230201,4291,4291,4291
20230202,4444,4444,4444
20230203,4361,4361,4361
20230206,4481,4481,4481
20230207,4430,4430,4430
20230208,4425,4425,4425
20230209,4313,4313,4313
20230210,4068,4068,4068
20230213,4275,4275,4275
20230214,4219,4219,4219
20230215,4213,4213,4213
20230216,4365,4365,4365
20230217,4295,4295,4295
20230220,4280,4280,4280
20230221,4270,4270,4270
20230222,4343,4343,4343
20230223,4331,4331,4331
20230224,4290,4290,4290
20230227,4403,4403,4403
20230228,4327,4327,4327
20230301,4289,4289,
20230302,4463,4463,4463
20230303,4252,4252,4252
20230306,4512,4512,4512
20230307,4580,4580,4580
20230308,4665,4665,4665
20230309,4645,4645,4645
20230310,4511,4511,4511
20230313,4627,4627,4627
20230314,4563,4563,4563
20230315,4671,4671,4671
20230316,4617,4617,4617
20230317,4513,4513,4513
20230320,4735,4735,4735
20230321,4831,4831,4831
20230322,4957,4957,4957
20230323,4984,4984,4984
20230324,5005,5005,5005
20230327,4949,4949,4949
20230328,4943,4943,4943
20230329,4931,4931,4931
20230330,4947,4947,4947
20230331,4767,4767,4767
20230403,5046,5046,5046
20230404,5020,5020,5020
20230405,5065,5065,5065
20230406,5104,5104,5104
20230407,4927,4927,4927
20230410,5074,5074,5074
20230411,5243,5243,5243
20230412,5110,5110,5110
20230413,5157,5157,5157
20230414,5076,5076,5076
20230417,5207,5207,5207
20230418,5297,5297,5297
20230419,5471,5471,5471
20230420,5540,5540,5540
20230421,5383,5383,5383
20230424,5532,5532,5532
20230425,5468,5468,5468
20230426,5577,5577,5577
20230427,5734,5734,5734
20230428,5735,5735,5735
20230501,5697,5697,5697
20230502,5894,5894,5894
20230503,6020,6020,6020
20230504,5751,5751,5751
20230508,5842,5842,5842
20230509,5895,5895,5895
20230510,5983,5983,5983
20230511,6467,6467,6467
20230515,5973,5973,5973
20230516,5959,5959,5959
20230517,5850,5850,5850
20230518,5839,5839,5839
20230519,5503,5503,5503
20230522,5826,5826,5826
20230523,5900,5900,5900
20230524,5827,5827,5827
20230525,5723,5723,5723
20230526,5414,,
20230529,5643,5643,
20230530,5777,5777,5777
20230531,5716,5716,5716
20230601,5752,5752,5752
20230602,5563,5563,
20230605,5721,5721,5721
20230606,5801,,
20230607,5683,5683,5683
20230608,5636,5636,5636
20230609,5309,5309,5309
20230612,5522,5522,5522
20230613,5625,5625,5625
20230614,5645,5645,5645
20230615,5673,5673,5673
20230616,5393,5393,5393
20230619,5513,5513,5513
20230620,5685,5685,5685
20230621,5484,5484,5484
20230622,5694,5694,5694
20230623,5449,5449,5449
20230626,5495,5495,5495
20230627,5411,5411,5411
20230628,5551,5551,5551
20230629,5395,5395,5395
20230630,5089,5089,5089
20230703,5298,5298,5298
20230704,5479,5479,5479
20230705,5448,5448,5448
20230706,5527,5527,5527
20230707,5181,5181,5181
20230710,5397,5397,5397
20230711,5477,5477,5477
20230712,5430,5430,5430
20230713,5510,5510,5510
20230714,5194,5194,5194
20230717,5349,5349,5349
20230718,5477,5477,5477
20230719,5451,5451,5451
20230720,5443,5443,5443
20230721,5139,5139,5139
20230724,5394,5394,5394
20230725,5527,5527,5527
20230726,5513,5513,5513
20230727,5405,5405,5405
20230728,4853,,
20230731,5282,5282,5282
20230801,5509,5509,5509
20230802,5280,5280,5280
20230803,5540,5540,5540
20230804,5364,5364,5364
20230807,5560,5560,5560
20230808,5560,5560,5560
20230809,5516,5516,5516
20230810,5413,5413,5413
20230811,5048,5048,5048
20230814,5216,5216,5216
20230815,5309,,
20230816,5216,5216,5216
20230817,5619,5619,5619
20230818,5421,5421,5421
20230821,5484,5484,5484
20230822,5503,5503,5503
20230823,5403,5403,5403
20230824,5689,5689,5689
20230825,5552,5552,5552
20230828,5693,5693,5693
20230829,5680,5680,5680
20230830,5746,5746,5746
20230831,5690,5690,5690
20230901,5488,5488,5488
20230904,5978,5978,5978
20230905,5906,5906,5906
20230906,6144,6144,6144
20230907,6264,6264,6264
20230908,5943,5943,5943
20230911,6082,6082,6082
20230912,5938,5938,5938
20230913,5854,5854,5854
20230914,5725,5725,5725
20230915,5608,5608,5608
20230918,5571,5571,5571
20230919,5513,5513,5513
20230920,5632,5632,5632
20230921,5619,5619,5619
20230922,5545,5545,5545
20230925,5133,5133,5133
20230926,4806,4806,4806
20231002,4704,,
20231003,4795,,
20231004,5118,5118,5118
20231005,5288,5288,5288
20231006,5295,5295,5295
20231009,5032,,
20231010,5063,5063,5063
20231011,4955,4955,4955
20231012,5105,5105,5105
20231013,4450,4450,4450
20231016,5136,5136,5136
20231017,4987,4987,4987
20231018,4968,4968,4968
20231019,4871,4871,4871
20231020,4686,4686,4686
20231023,4819,4819,4819
20231024,4910,4910,4910
20231025,4875,4875,4875
20231026,4777,4777,4777
20231027,4534,,
20231030,4840,4840,4840
20231031,4845,4845,4845
20231101,4652,4652,4652
20231102,4665,4665,4665
20231103,4578,4578,4578
20231106,4754,4754,4754
20231107,4850,4850,4850
20231108,4939,4939,4939
20231109,4848,4848,4848
20231110,4666,4666,4666
20231113,4803,4803,4803
20231114,5079,5079,5079
20231115,5066,5066,5066
20231116,5089,5089,5089
20231117,4947,4947,4947
20231120,5052,5052,5052
20231121,5164,5164,5164
20231122,5191,5191,5191
20231123,5205,5205,5205
20231124,5008,5008,5008
20231127,5129,5129,5129
20231128,5249,5249,5249
20231129,5260,5260,5260
20231130,5364,5364,5364
20231201,5124,5124,5124
20231204,5296,5296,5296
20231205,5263,5263,5263
20231206,5311,5311,5311
20231207,5228,5228,5228
20231208,4891,4891,4891
20231211,5077,5077,5077
20231212,5043,5043,5043
20231213,5045,5045,5045
20231214,5067,5067,5067
20231215,4870,4870,4870
20231218,4957,4957,4957
20231219,4888,4888,4888
20231220,4801,4801,4801
20231221,4692,4692,4692
20231222,4363,4363,4363
20231225,4162,,
20231226,4470,4470,4470
20231227,4467,4467,4467
20231228,4538,4538,4538
20231229,4267,4267,4267
20240102,4290,4290,4290
20240103,4336,4336,4336
20240104,4299,4299,4299
20240105,4308,4308,4308
20240108,4414,4414,4414
20240109,4360,4360,4360
20240110,4254,4254,4254
20240111,4341,4341,4341
20240112,4138,4138,4138
20240115,4249,4249,4249
20240116,4253,4253,4253
20240117,4451,4451,4451
20240118,4448,4448,4448
20240119,4379,4379,4379
20240122,4493,4493,4493
20240123,4544,4544,4544
20240124,4455,4455,4455
20240125,4406,4406,4406
20240126,4291,4291,4291
20240129,4517,4517,4517
20240130,4563,4563,4563
20240131,4627,4627,4627
20240201,4489,4489,4489
20240202,4355,4355,4355
20240205,4369,4369,4369
20240206,3980,3980,3980
20240207,3841,3841,3841
20240208,3546,,
20240213,4244,4244,4244
20240214,4269,4269,4269
20240215,4219,4219,4219
20240216,4129,4129,4129
20240219,4246,4246,4246
20240220,4259,4259,4259
20240221,4355,4355,4355
20240222,4266,4266,4266
20240223,3975,3975,3975
20240226,4273,4273,4273
20240227,4455,4455,4455
20240228,4542,4542,4542
20240229,4110,4110,4110
20240304,4400,4400,4400
20240305,4454,4454,4454
20240306,4475,4475,4475
20240307,4695,4695,4695
20240308,4600,4600,4600
20240311,4638,4638,4638
20240312,4840,4840,4840
20240313,4843,4843,4843
20240314,4919,4919,4919
20240315,4900,4900,4900
20240318,5056,5056,5056
20240319,5008,5008,5008
20240320,5022,5022,5022
20240321,5170,5170,5170
20240322,4973,4973,4973
20240325,4973,4973,4973
20240326,4932,4932,4932
20240327,4851,4851,4851
20240328,4792,4792,4792
20240329,4557,4557,4557
20240401,4741,4741,4741
20240402,4991,4991,4991
20240403,4911,4911,4911
20240404,4822,4822,4822
20240405,4825,4825,4825
20240408,4874,4874,4874
20240409,4795,4795,4795
20240411,4745,4745,4745
20240412,4582,4582,4582
20240415,4826,4826,4826
20240416,5061,5061,5061
20240417,4887,4887,4887
20240418,4934,4934,4934
20240419,4880,4880,4880
20240422,4949,4949,4949
20240423,4974,4974,4974
20240424,4916,4916,4916
20240425,4955,4955,4955
20240426,4846,4846,4846
20240429,5013,5013,5013
20240430,5022,5022,5022
20240501,5055,5055,5055
20240502,5036,5036,5036
20240503,4671,,
20240506,4992,,
20240507,5017,5017,5017
20240508,5097,5097,5097
20240509,5249,5249,5249
20240510,5304,,
20240513,5255,5255,5255
20240514,5188,5188,5188
20240515,5063,,
20240516,5466,5466,5466
20240517,5221,5221,5221
20240520,5299,5299,5299
20240521,5439,5439,5439
20240522,5436,5436,5436
20240523,5544,5544,5544
20240524,5380,5380,5380
20240527,5413,5413,5413
20240528,5574,5574,5574
20240529,5461,5461,5461
20240530,5399,5399,5399
20240531,5180,5180,5180
20240603,5443,5443,5443
20240604,5554,5554,5554
20240605,5540,5540,5540
20240606,5451,,
20240607,5414,,
20240610,5792,5792,5792
20240611,5980,5980,5980
20240612,6020,6020,6020
20240613,6072,6072,6072
20240614,5833,5833,5833
20240617,6223,6223,6223
20240618,6376,6376,6376
20240619,6403,6403,6403
20240620,6303,6303,6303
20240621,6125,6125,6125
20240624,6304,6304,6304
20240625,6209,6209,6209
20240626,6060,6060,6060
20240627,6022,6022,6022
20240628,5871,5871,5871
20240701,6108,6108,6108
20240702,6030,6030,6030
20240703,6195,6195,6195
20240704,6101,6101,6101
20240705,5984,5984,5984
20240708,6057,6057,6057
20240709,6110,6110,6110
20240710,6012,6012,6012
20240711,5824,5824,5824
20240712,5656,5656,5656
20240715,5872,5872,5872
20240716,5656,5656,5656
20240717,5568,5568,5568
20240718,5413,5413,5413
20240719,5013,,
20240722,5453,5453,5453
20240723,5586,5586,5586
20240724,5628,5628,5628
20240725,5333,5333,5333
20240726,4999,4999,
20240729,5379,5379,5379
20240730,5148,5148,5148
20240731,5021,5021,5021
20240801,4942,4942,4942
20240802,4524,4524,
20240805,5229,5229,5229
20240806,5198,5198,5198
20240807,5198,5198,5198
20240808,5158,5158,5158
20240809,4864,4864,4864
20240812,5375,5375,5375
20240813,5378,5378,5378
20240814,5502,5502,5502
20240815,5390,5390,
20240816,5068,5068,5068
20240819,5479,5479,5479
20240820,5769,5769,5769
20240821,5909,5909,5909
20240822,5903,5903,5903
20240823,5616,5616,5616
20240826,6245,6245,6245
20240827,6207,6207,6207
20240828,5976,5976,5976
20240829,6008,6008,6008
20240830,5856,5856,5856
20240902,6163,6163,6163
20240903,6134,6134,6134
20240904,5925,5925,5925
20240905,6199,6199,6199
20240906,5958,5958,5958
20240909,6259,6259,6259
20240910,6384,6384,6384
20240911,6191,6191,6191
20240912,6097,6097,6097
20240913,5963,,
20240919,6510,6510,6510
20240920,6256,6256,
20240923,6250,6250,6250
20240924,6023,6023,6023
20240925,5929,5929,5929
20240926,6014,6014,6014
20240927,5697,5697,5697
20240930,5821,5821,5821
20241001,5790,5790,
20241002,5712,5712,5712
20241003,5841,,
20241004,4894,4894,
20241007,5649,5649,5649
20241008,5707,5707,5707
20241009,5911,,
20241010,5871,5871,5871
20241011,5213,,
20241014,5833,5833,5833
20241015,5867,5867,5867
20241016,5868,5868,5868
20241017,5756,5756,5756
20241018,5611,5611,
20241021,5763,5763,5763
20241022,5839,5839,5839
20241023,5802,5802,5802
20241024,5771,5771,5771
20241025,5359,5359,5359
20241028,5593,5593,5593
20241029,5467,5467,5467
20241030,5488,5488,5488
20241031,5404,5404,5404
20241101,4924,,
20241104,5475,5475,5475
20241105,5486,5486,5486
20241106,5358,5358,5358
20241107,5442,5442,5442
20241108,5323,5323,5323
20241111,5485,5485,5485
20241112,5414,5414,5414
20241113,5245,5245,5245
20241114,5265,5265,5265
20241115,5071,5071,5071
20241118,5421,5421,5421
20241119,5353,5353,5353
20241120,5470,5470,5470
20241121,5399,5399,5399
20241122,5177,5177,5177
20241125,5440,5440,5440
20241126,5454,5454,5454
20241127,5449,5449,5449
20241128,5465,5465,5465
20241129,5070,5070,5070
20241202,5935,5935,5935
20241203,5852,5852,5852
20241204,5921,5921,5921
20241205,5840,5840,5840
20241206,5800,5800,5800
20241209,5877,5877,5877
20241210,5788,5788,5788
20241211,5832,5832,5832
20241212,5776,5776,5776
20241213,5671,5671,5671
20241216,5853,5853,5853
20241217,5793,5793,5793
20241218,5757,5757,5757
20241219,5627,5627,5627
20241220,5496,5496,5496
20241223,5393,5393,5393
20241224,5169,5169,5169
20241225,5100,,
20241226,5357,5357,5357
20241227,5095,5095,5095
20241230,5340,5340,5340
20241231,5084,5084,5084
20250102,5318,5318,5318
20250103,5110,5110,5110
20250106,5292,5292,5292
20250107,5165,5165,5165
20250108,5041,5041,5041
20250109,5000,5000,5000
20250110,4911,4911,4911
20250113,5139,5139,5139
20250114,4969,4969,4969
20250115,5064,5064,5064
20250116,5213,5213,5213
20250117,5246,5246,5246
20250120,5163,5163,5163
20250121,5140,5140,5140
20250122,5144,5144,5144
20250123,5065,5065,5065
20250124,4640,4640,
20250131,4266,,
20250203,4760,4760,4760
20250204,4775,4775,4775
20250205,4655,4655,4655
20250206,4636,4636,4636
20250207,4498,4498,4498
20250210,4793,4793,4793
20250211,4775,4775,4775
20250212,4712,4712,4712
20250213,4653,4653,4653
20250214,4498,4498,
20250217,4662,4662,4662
20250218,4737,4737,4737
20250219,4758,4758,4758
20250220,4798,4798,4798
20250221,4671,4671,4671
20250224,4858,4858,4858
20250225,4940,4940,4940
20250226,5015,5015,5015
20250227,5037,5037,5037
20250228,4776,4776,
20250303,4999,,
20250304,5152,5152,5152
20250305,5170,5170,5170
20250306,5332,5332,5332
20250307,4667,,
20250310,5403,5403,5403
20250311,5616,5616,5616
20250312,5592,5592,5592
20250313,5460,5460,5460
20250314,5363,5363,5363
20250317,5469,5469,5469
20250318,5448,5448,5448
20250319,5445,5445,5445
20250320,5399,5399,5399
20250321,5133,5133,5133
20250324,5312,5312,5312
20250325,5382,5382,5382
20250326,5352,5352,5352
20250327,5365,5365,5365
20250328,5094,5094,5094
20250331,5291,5291,5291
20250401,5413,5413,5413
20250402,5409,5409,5409
20250403,5500,5500,5500
20250404,5412,5412,5412
20250407,5588,5588,5588
20250408,5678,5678,5678
20250409,5598,5598,5598
20250410,5565,5565,5565
20250411,5405,5405,5405
20250414,5703,5703,5703
20250415,5773,5773,5773
20250416,5710,5710,5710
20250417,5726,5726,5726
20250418,5472,5472,5472
20250421,5695,5695,5695
20250422,5793,5793,5793
20250423,5717,5717,5717
20250424,5736,5736,5736
20250425,5770,5770,5770
20250428,5798,5798,5798
20250429,5798,5798,5798
20250430,5714,5714,5714
20250501,5685,5685,5685
20250502,5172,,
20250507,5765,5765,5765
20250508,5734,5734,5734
20250509,5503,,
20250512,5763,5763,5763
20250513,5777,5777,5777
20250514,5817,5817,5817
20250515,5761,5761,5761
20250516,5673,5673,5673
20250519,5805,5805,5805
20250520,5800,5800,5800
20250521,5747,5747,5747
20250522,5826,5826,5826
20250523,5653,,
20250526,5919,5919,5919
20250527,6036,6036,6036
20250528,5994,5994,5994
20250529,6145,6145,6145
20250530,6054,6054,6054
20250602,5986,5986,5986
20250604,6038,6038,6038
20250605,5919,5919,5919
20250609,5981,5981,5981
20250610,6062,6062,6062
20250611,6126,6126,6126
20250612,6099,6099,6099
20250613,6034,6034,6034
20250616,6159,6159,6159
20250617,6237,6237,6237
20250618,6244,6244,6244
20250619,6234,6234,6234
20250620,6183,6183,6183
20250623,6161,6161,6161
20250624,6257,6257,6257
20250625,6218,6218,6218
20250626,6128,6128,6128
20250627,5965,5965,5965
20250630,6151,6151,6151
20250701,6228,6228,6228
20250702,6172,6172,6172
20250703,6219,6219,6219
20250704,6283,6283,6283
20250707,6367,6367,6367
20250708,6418,6418,6418
20250709,6397,6397,6397
20250710,6309,6309,6309
20250711,6281,6281,6281
20250714,6498,6498,6498
20250715,6648,6648,6648
20250716,6381,6381,6381
20250717,6192,6192,6192
20250718,6148,6148,6148
20250721,6371,6371,6371
20250722,6254,6254,6254
20250723,6229,6229,6229
20250724,6376,6376,6376
20250725,6223,6223,
20250728,6477,6477,6477
20250729,6550,6550,6550
20250730,6441,6441,6441
20250731,6563,6563,6563
20250801,6482,6482,6482
20250804,6625,6625,6625
20250805,6665,6665,6665
20250806,6692,6692,6692
20250807,6614,6614,6614
20250808,6259,6259,
20250811,6792,6792,6792
20250812,6842,6842,6842
20250813,6684,6684,6684
20250814,6195,6195,6195
20250818,6533,6533,6533
20250819,6545,6545,6545
20250820,6708,6708,6708
20250821,6654,6654,6654
20250822,6303,,
20250825,6680,6680,6680
20250826,6642,6642,6642
20250827,6493,6493,6493
20250828,6435,6435,6435
20250829,6401,6401,6401
20250901,6602,6602,6602
20250902,6548,6548,6548
20250903,6500,6500,6500
20250904,6330,6330,6330
20250905,6206,6206,6206
20250908,6596,6596,6596
20250909,6576,6576,6576
20250910,6543,6543,6543
20250911,6521,6521,6521
20250912,6604,6604,6604
20250915,6632,6632,6632
20250916,6582,6582,6582
20250917,6550,6550,6550
20250918,6318,6318,6318
20250919,6501,6501,6501
20250922,6557,6557,6557
20250923,6619,6619,6619
20250924,6507,6507,6507
20250925,6585,6585,6585
20250926,6313,6313,6313
20250929,6504,6504,6504
20250930,6135,6135,6135
20251001,5623,5623,5623
20251002,5343,,
20251010,5860,5860,
20251013,6049,6049,6049
20251014,6019,6019,6019
20251015,6068,6068,6068
20251016,5780,5780,5780
20251017,5816,5816,5816
20251020,6020,6020,6020
20251021,5934,5934,5934
20251022,5948,5948,5948
20251023,5804,5804,5804
20251024,5760,5760,5760
20251027,5797,5797,5797
20251028,5799,5799,5799
20251029,5772,5772,5772
20251030,5837,5837,5837
20251031,5563,5563,5563
20251103,5706,5706,5706
20251104,5739,5739,5739
20251105,5691,5691,5691
20251106,5689,5689,5689
20251107,5453,5453,5453
20251110,5518,5518,5518
20251111,5606,5606,5606
20251112,5600,5600,5600
20251113,5507,5507,5507
20251114,5390,5390,5390
20251117,5587,5587,5587
20251118,5611,5611,5611
20251119,5699,5699,5699
20251120,5535,5535,5535
20251121,5419,5419,5419
20251124,5585,5585,5585
20251125,6027,6027,6027
20251126,6411,,
20251127,5977,5977,5977
20251128,5674,5674,5674
20251201,5827,5827,5827
20251202,5877,5877,5877
20251203,5881,5881,5881
20251204,5814,5814,5814
20251205,5740,5740,5740
20251208,5928,5928,5928
20251209,5866,5866,5866
20251210,5791,5791,5791
20251211,5806,5806,5806
20251212,5667,5667,5667
20251215,5653,5653,5653
20251216,5744,5744,5744
20251217,5743,5743,5743
20251218,5623,5623,5623
20251219,5554,5554,5554
20251222,5548,5548,5548
20251223,5489,5489,5489
20251224,5301,5301,5301
20251226,4909,,
20251229,5351,5351,5351
20251230,5441,5441,5441
20251231,5357,5357,5357
20260102,5148,5148,5148
20260105,5352,5352,5352
20260106,5290,5290,5290
20260107,5203,5203,5203
20260108,5183,5183,5183
20260109,5093,5093,5093
20260112,5164,5164,5164
20260113,5159,5159,5159
20260114,5096,5096,5096
20260115,5038,5038,5038
20260116,4958,4958,4958
20260119,5178,5178,5178
20260120,5085,5085,5085
20260121,5133,5133,5133
20260122,4967,4967,4967
20260123,5082,5082,5082
20260126,5238,5238,5238
20260127,5660,5660,5660
20260128,4915,,
20260129,5573,5573,5573
20260130,5249,5249,5249
20260202,5239,5239,5239
20260203,5343,5343,5343
20260204,5600,5600,5600
20260205,5977,5977,5977
20260206,5490,5490,5490
20260209,5254,5254,5254
20260210,5336,5336,5336
20260211,5139,5139,5139
20260212,4949,4949,4949
20260213,4559,,
20260219,4913,4913,
20260220,4948,,
20260223,5322,5322,5322
20260224,5498,5498,5498
20260225,5336,5336,5336
20260226,5319,5319,5319
20260227,5092,5092,5092
20260302,5167,,
20260303,5255,5255,5255
20260304,5270,5270,5270
20260305,5262,5262,5262
20260306,5101,,
20260309,5125,5125,5125
20260310,5211,5211,5211
20260311,5180,5180,5180
20260312,5073,5073,5073
20260313,4997,4997,4997
20260316,5055,5055,5055
20260317,5511,5511,5511
20260318,5264,5264,5264
20260319,5580,5580,5580
20260320,5187,5187,5187
20260323,5178,5178,5178
20260324,5245,5245,5245
20260325,5262,5262,5262
20260326,5242,5242,5242
20260327,5115,5115,5115
20260330,5284,5284,5284
20260331,5358,5358,5358
20260401,5458,5458,5458
20260402,5488,5488,5488
20260403,5288,5288,5288
20260406,5614,5614,5614
20260407,5752,5752,5752
20260408,5891,5891,5891
20260409,5918,5918,5918
20260410,5860,5860,5860
20260413,6185,6185,6185
20260414,6334,6334,6334
20260415,6404,6404,6404
20260416,6480,6480,6480
20260417,6177,6177,6177
20260420,6619,6619,6619
20260421,6584,6584,6584
20260422,6498,6498,6498
20260423,6372,6372,6372
20260424,6322,6322,6322
20260427,6587,6587,6587
20260428,6628,6628,6628
20260429,6500,6500,6500
20260430,6214,6214,6214
20260504,6341,6341,6341
20260506,6419,6419,6419
20260507,6278,6278,6278
20260508,5618,,
20260511,6450,6450,6450
20260512,6463,6463,6463
20260513,6404,6404,6404
20260514,6480,6480,6480
20260515,6366,6366,6366
20260518,6582,6582,6582
20260519,6541,6541,6541
20260520,6451,6451,6451
20260521,6457,6457,6457
20260522,6323,6323,6323
20260526,6401,6401,6401
20260527,6221,6221,6221
20260528,6104,6104,6104
20260529,5838,,
20260601,6298,6298,6298
20260602,6369,6369,6369
20260604,6507,6507,6507
20260605,6250,6250,6250
20260608,6424,6424,6424
20260609,6477,6477,6477
20260610,6537,6537,6537
20260611,6535,6535,6535
20260612,6467,6467,6467
20260615,6620,6620,6620
20260616,6588,6588,6588
20260617,6435,6435,6435
20260618,6318,6318,6318
20260619,6207,6207,6207
